<?xml version="1.0" encoding="UTF-8"?>
<root>
  <item name="com.shield.android.Shield.Builder com.shield.android.Shield.Builder setEnvironment(java.lang.String) 0">
    <annotation name="androidx.annotation.StringDef">
      <val name="value" val="{com.shield.android.Shield.ENVIRONMENT_DEV, com.shield.android.Shield.ENVIRONMENT_PROD}" />
    </annotation>
  </item>
  <item name="com.shield.android.Shield.Environment">
    <annotation name="androidx.annotation.StringDef">
      <val name="value" val="{com.shield.android.Shield.ENVIRONMENT_DEV, com.shield.android.Shield.ENVIRONMENT_PROD}" />
    </annotation>
  </item>
</root>

